leverage,fixed_final_nav,fixed_min_nav,defense_final_nav,defense_min_nav,defense_outperformance
1.5,1776.799303542588,0.3978847999205839,6054.526003153893,0.37471654468932525,4277.726699611305
2.0,0.0,0.0,73464.92547824603,0.25955117015575035,73464.92547824603
3.0,0.0,0.0,5912171.379417386,0.11934904214196716,5912171.379417386
5.0,0.0,0.0,3314361711.950266,0.021208341371604673,3314361711.950266
